{
  "test_scenarios": [
    {
      "scenario": {
        "name": "Single Request",
        "num_requests": 1,
        "max_concurrent": 1,
        "arrival_rate": 1.0,
        "description": "Measure per-request latency without concurrency"
      },
      "baseline": {
        "total_requests": 1,
        "successful_requests": 1,
        "failed_requests": 0,
        "total_time_seconds": 13.13366436958313,
        "throughput_rps": 0.07614021280427624,
        "latency_ms": {
          "mean": 13126.010417938232,
          "median": 13126.010417938232,
          "p95": 13126.010417938232,
          "p99": 13126.010417938232,
          "min": 13126.010417938232,
          "max": 13126.010417938232
        },
        "acceptance_ratio": {
          "mean": 0.3072289156626506,
          "median": 0.3072289156626506,
          "min": 0.3072289156626506,
          "max": 0.3072289156626506
        }
      },
      "verify_pd": {
        "total_requests": 1,
        "successful_requests": 1,
        "failed_requests": 0,
        "total_time_seconds": 12.794616937637329,
        "throughput_rps": 0.0781578694285365,
        "latency_ms": {
          "mean": 12789.094686508179,
          "median": 12789.094686508179,
          "p95": 12789.094686508179,
          "p99": 12789.094686508179,
          "min": 12789.094686508179,
          "max": 12789.094686508179
        },
        "acceptance_ratio": {
          "mean": 0.3072289156626506,
          "median": 0.3072289156626506,
          "min": 0.3072289156626506,
          "max": 0.3072289156626506
        }
      }
    },
    {
      "scenario": {
        "name": "Low Concurrency",
        "num_requests": 5,
        "max_concurrent": 3,
        "arrival_rate": 2.0,
        "description": "Test basic concurrent handling (2-5 requests)"
      },
      "baseline": {
        "total_requests": 5,
        "successful_requests": 5,
        "failed_requests": 0,
        "total_time_seconds": 34.501078367233276,
        "throughput_rps": 0.14492300637039368,
        "latency_ms": {
          "mean": 22734.605598449707,
          "median": 19591.409921646118,
          "p95": 33379.91523742676,
          "p99": 34269.18811798096,
          "min": 15112.76912689209,
          "max": 34491.50633811951
        },
        "acceptance_ratio": {
          "mean": 0.6703339857375397,
          "median": 0.6644736842105263,
          "min": 0.25773195876288657,
          "max": 0.8928571428571429
        }
      },
      "verify_pd": {
        "total_requests": 5,
        "successful_requests": 5,
        "failed_requests": 0,
        "total_time_seconds": 37.12317872047424,
        "throughput_rps": 0.13468674214695928,
        "latency_ms": {
          "mean": 28475.10395050049,
          "median": 31154.507160186768,
          "p95": 35926.53670310974,
          "p99": 36880.925397872925,
          "min": 13792.399406433105,
          "max": 37119.52257156372
        },
        "acceptance_ratio": {
          "mean": 0.46542692365778143,
          "median": 0.33223684210526316,
          "min": 0.3079268292682927,
          "max": 0.7352941176470589
        }
      }
    },
    {
      "scenario": {
        "name": "Medium Concurrency",
        "num_requests": 20,
        "max_concurrent": 10,
        "arrival_rate": 5.0,
        "description": "Test performance under typical load"
      },
      "baseline": {
        "total_requests": 20,
        "successful_requests": 20,
        "failed_requests": 0,
        "total_time_seconds": 153.3161644935608,
        "throughput_rps": 0.13044938911734902,
        "latency_ms": {
          "mean": 90155.03062009811,
          "median": 93548.18081855774,
          "p95": 150812.88721561432,
          "p99": 152812.8473329544,
          "min": 22494.4851398468,
          "max": 153312.83736228943
        },
        "acceptance_ratio": {
          "mean": 0.5359354265487639,
          "median": 0.5813953488372093,
          "min": 0.25773195876288657,
          "max": 0.8928571428571429
        }
      },
      "verify_pd": {
        "total_requests": 20,
        "successful_requests": 20,
        "failed_requests": 0,
        "total_time_seconds": 97.04529070854187,
        "throughput_rps": 0.20608934090440734,
        "latency_ms": {
          "mean": 51367.27533340454,
          "median": 47384.07528400421,
          "p95": 96059.97266769409,
          "p99": 96841.11993789673,
          "min": 11116.561651229858,
          "max": 97036.40675544739
        },
        "acceptance_ratio": {
          "mean": 0.6271430141101259,
          "median": 0.6827485380116959,
          "min": 0.25773195876288657,
          "max": 0.9196428571428571
        }
      }
    },
    {
      "scenario": {
        "name": "High Concurrency",
        "num_requests": 50,
        "max_concurrent": 25,
        "arrival_rate": 10.0,
        "description": "Stress test and scalability"
      },
      "baseline": {
        "total_requests": 50,
        "successful_requests": 50,
        "failed_requests": 0,
        "total_time_seconds": 361.39864706993103,
        "throughput_rps": 0.13835137570485964,
        "latency_ms": {
          "mean": 191976.7193698883,
          "median": 189263.71026039124,
          "p95": 358397.99597263336,
          "p99": 361303.6425089836,
          "min": 20772.82190322876,
          "max": 361395.96343040466
        },
        "acceptance_ratio": {
          "mean": 0.5421670566870557,
          "median": 0.5813953488372093,
          "min": 0.25773195876288657,
          "max": 0.8928571428571429
        }
      },
      "verify_pd": {
        "total_requests": 50,
        "successful_requests": 50,
        "failed_requests": 0,
        "total_time_seconds": 248.89571619033813,
        "throughput_rps": 0.20088734657756616,
        "latency_ms": {
          "mean": 129014.21775341034,
          "median": 134482.5496673584,
          "p95": 236972.66739606857,
          "p99": 246833.57766866684,
          "min": 11166.404962539673,
          "max": 248889.7304534912
        },
        "acceptance_ratio": {
          "mean": 0.5929133162634417,
          "median": 0.5457331174838113,
          "min": 0.25252525252525254,
          "max": 0.9196428571428571
        }
      }
    }
  ],
  "summary": {
    "total_scenarios": 4,
    "verifypd_wins": 3,
    "baseline_wins": 1,
    "scenarios": [
      {
        "name": "Single Request",
        "winner": "Verify-PD",
        "baseline_p95": 13126.010417938232,
        "verifypd_p95": 12789.094686508179
      },
      {
        "name": "Low Concurrency",
        "winner": "Baseline",
        "baseline_p95": 33379.91523742676,
        "verifypd_p95": 35926.53670310974
      },
      {
        "name": "Medium Concurrency",
        "winner": "Verify-PD",
        "baseline_p95": 150812.88721561432,
        "verifypd_p95": 96059.97266769409
      },
      {
        "name": "High Concurrency",
        "winner": "Verify-PD",
        "baseline_p95": 358397.99597263336,
        "verifypd_p95": 236972.66739606857
      }
    ]
  }
}