{
  "baseline": {
    "system": "baseline",
    "num_requests": 10,
    "latency_ms": {
      "mean": 3365.2411222457886,
      "median": 2803.9228916168213,
      "p95": 6563.967323303221,
      "p99": 7017.116279602051
    },
    "acceptance_rate": 0.5164609053497943,
    "acceptance_rate_per_request": {
      "mean": 0.5972041273626499,
      "median": 0.5883167220376523,
      "min": 0.25773195876288657,
      "max": 0.8928571428571429
    }
  },
  "verify-pd": {
    "total_requests": 10,
    "successful_requests": 10,
    "failed_requests": 0,
    "total_time_seconds": 43.77989721298218,
    "throughput_rps": 0.22841533755439405,
    "latency_ms": {
      "mean": 4377.975869178772,
      "median": 4284.16383266449,
      "p95": 7152.705419063568,
      "p99": 7157.361648082733,
      "min": 1981.6999435424805,
      "max": 7158.525705337524
    },
    "acceptance_ratio": {
      "mean": 0.5176812318649063,
      "median": 0.4661144578313253,
      "min": 0.25773195876288657,
      "max": 0.8928571428571429
    },
    "system": "verify-pd"
  }
}