{
  "baseline": {
    "system": "baseline",
    "num_requests": 20,
    "latency_ms": {
      "mean": 7808.653914928436,
      "median": 6042.485356330872,
      "p95": 15430.258882045746,
      "p99": 15437.121036052704
    },
    "acceptance_rate": 0.48390970220941404,
    "acceptance_rate_per_request": {
      "mean": 0.5677476180391589,
      "median": 0.5883167220376523,
      "min": 0.25773195876288657,
      "max": 0.8928571428571429
    }
  },
  "verify-pd": {
    "total_requests": 20,
    "successful_requests": 20,
    "failed_requests": 0,
    "total_time_seconds": 102.54560542106628,
    "throughput_rps": 0.19503517403673482,
    "latency_ms": {
      "mean": 55475.5744099617,
      "median": 58442.62993335724,
      "p95": 99211.66669130325,
      "p99": 101877.85370111465,
      "min": 11246.033668518066,
      "max": 102544.4004535675
    },
    "acceptance_ratio": {
      "mean": 0.5827121656365725,
      "median": 0.5872093023255814,
      "min": 0.2777777777777778,
      "max": 0.8416666666666667
    },
    "system": "verify-pd"
  }
}